{
  "schema": "v1",
  "enabled": true,
  "name": "Troubadour",
  "anchor": {
    "Screen": "BottomCenter"
  },
  "pos": [
    0.0,
    0.0
  ],
  "opacity": 1.0,
  "trigger": {
    "source": {
      "type": "Inherit"
    },
    "threshold": {
      "threshold_type": "Always",
      "amount_type": "Intensity"
    }
  },
  "filter": {
    "player": {
      "combat": null,
      "specs": [
        "Troubadour"
      ],
      "weapons": [],
      "traits": [],
      "mounts": [
        "None"
      ]
    },
    "map": {
      "category": [],
      "whitelist": true,
      "ids": []
    }
  },
  "animation": null,
  "layer": 0,
  "elements": [
    {
      "enabled": false,
      "name": "Interface Larger",
      "anchor": "Parent",
      "pos": [
        0.0,
        -5.0
      ],
      "opacity": 1.0,
      "trigger": {
        "source": {
          "type": "Inherit"
        },
        "threshold": {
          "threshold_type": "Always",
          "amount_type": "Intensity"
        }
      },
      "filter": {
        "player": {
          "combat": null,
          "specs": [],
          "weapons": [],
          "traits": [],
          "mounts": []
        },
        "map": {
          "category": [],
          "whitelist": true,
          "ids": []
        }
      },
      "animation": null,
      "type": "Group",
      "members": [
        {
          "enabled": true,
          "name": "Staff",
          "anchor": "Parent",
          "pos": [
            -226.0,
            -203.0
          ],
          "opacity": 1.0,
          "trigger": {
            "source": {
              "type": "Always"
            },
            "threshold": {
              "threshold_type": "Always",
              "amount_type": "Intensity"
            }
          },
          "filter": {
            "player": {
              "combat": null,
              "specs": [],
              "weapons": [],
              "traits": [],
              "mounts": []
            },
            "map": {
              "category": [],
              "whitelist": true,
              "ids": []
            }
          },
          "animation": null,
          "type": "Group",
          "members": [
            {
              "enabled": true,
              "name": "Staff BG",
              "anchor": "Parent",
              "pos": [
                0.0,
                0.0
              ],
              "opacity": 1.0,
              "trigger": {
                "source": {
                  "type": "Inherit"
                },
                "threshold": {
                  "threshold_type": "Always",
                  "amount_type": "Intensity"
                }
              },
              "filter": {
                "player": {
                  "combat": null,
                  "specs": [],
                  "weapons": [],
                  "traits": [],
                  "mounts": []
                },
                "map": {
                  "category": [],
                  "whitelist": true,
                  "ids": []
                }
              },
              "animation": null,
              "type": "Icon",
              "icon": {
                "File": "Troubadour\\StaffBG.png"
              },
              "tint": [
                0.3623188,
                0.26079956,
                0.34040007,
                0.5217391
              ],
              "zoom": 1.0,
              "round": 0.0,
              "border_size": 0.0,
              "border_color": [
                0.0,
                0.0,
                0.0,
                1.0
              ],
              "conditions": [],
              "duration_bar": false,
              "duration_text": false,
              "stacks_text": false,
              "size": [
                154.0,
                58.0
              ]
            },
            {
              "enabled": true,
              "name": "Staff Lines",
              "anchor": "Parent",
              "pos": [
                0.0,
                0.0
              ],
              "opacity": 1.0,
              "trigger": {
                "source": {
                  "type": "Inherit"
                },
                "threshold": {
                  "threshold_type": "Always",
                  "amount_type": "Intensity"
                }
              },
              "filter": {
                "player": {
                  "combat": null,
                  "specs": [],
                  "weapons": [],
                  "traits": [],
                  "mounts": []
                },
                "map": {
                  "category": [],
                  "whitelist": true,
                  "ids": []
                }
              },
              "animation": null,
              "type": "Icon",
              "icon": {
                "File": "Troubadour\\StaffLines.png"
              },
              "tint": [
                0.9178744,
                0.69173145,
                0.8626854,
                1.0
              ],
              "zoom": 1.0,
              "round": 0.0,
              "border_size": 0.0,
              "border_color": [
                0.0,
                0.0,
                0.0,
                1.0
              ],
              "conditions": [],
              "duration_bar": false,
              "duration_text": false,
              "stacks_text": false,
              "size": [
                154.0,
                58.0
              ]
            },
            {
              "enabled": true,
              "name": "Empty Notes",
              "anchor": "Parent",
              "pos": [
                0.0,
                0.0
              ],
              "opacity": 1.0,
              "trigger": {
                "source": {
                  "type": "Inherit"
                },
                "threshold": {
                  "threshold_type": "Always",
                  "amount_type": "Intensity"
                }
              },
              "filter": {
                "player": {
                  "combat": null,
                  "specs": [],
                  "weapons": [],
                  "traits": [],
                  "mounts": []
                },
                "map": {
                  "category": [],
                  "whitelist": true,
                  "ids": []
                }
              },
              "animation": null,
              "type": "Icon",
              "icon": {
                "File": "Troubadour\\Empty.png"
              },
              "tint": [
                1.0,
                1.0,
                1.0,
                1.0
              ],
              "zoom": 1.0,
              "round": 0.0,
              "border_size": 0.0,
              "border_color": [
                0.0,
                0.0,
                0.0,
                1.0
              ],
              "conditions": [],
              "duration_bar": false,
              "duration_text": false,
              "stacks_text": false,
              "size": [
                154.0,
                58.0
              ]
            }
          ]
        },
        {
          "enabled": true,
          "name": "Notes",
          "anchor": "Parent",
          "pos": [
            -266.0,
            -202.0
          ],
          "opacity": 1.0,
          "trigger": {
            "source": {
              "type": "Inherit"
            },
            "threshold": {
              "threshold_type": "Always",
              "amount_type": "Intensity"
            }
          },
          "filter": {
            "player": {
              "combat": null,
              "specs": [],
              "weapons": [],
              "traits": [],
              "mounts": []
            },
            "map": {
              "category": [],
              "whitelist": true,
              "ids": []
            }
          },
          "animation": null,
          "type": "Group",
          "members": [
            {
              "enabled": true,
              "name": "Filled",
              "anchor": "Parent",
              "pos": [
                0.0,
                0.0
              ],
              "opacity": 1.0,
              "trigger": {
                "source": {
                  "type": "Inherit"
                },
                "threshold": {
                  "threshold_type": "Always",
                  "amount_type": "Intensity"
                }
              },
              "filter": {
                "player": {
                  "combat": null,
                  "specs": [],
                  "weapons": [],
                  "traits": [],
                  "mounts": []
                },
                "map": {
                  "category": [],
                  "whitelist": true,
                  "ids": []
                }
              },
              "animation": null,
              "type": "Group",
              "members": [
                {
                  "enabled": true,
                  "name": "Note 1",
                  "anchor": "Parent",
                  "pos": [
                    0.0,
                    0.0
                  ],
                  "opacity": 1.0,
                  "trigger": {
                    "source": {
                      "type": "PrimaryResource"
                    },
                    "threshold": {
                      "threshold_type": {
                        "Above": 1.0
                      },
                      "amount_type": "Intensity"
                    }
                  },
                  "filter": {
                    "player": {
                      "combat": null,
                      "specs": [],
                      "weapons": [],
                      "traits": [],
                      "mounts": []
                    },
                    "map": {
                      "category": [],
                      "whitelist": true,
                      "ids": []
                    }
                  },
                  "animation": null,
                  "type": "Icon",
                  "icon": {
                    "File": "Troubadour\\Note1.png"
                  },
                  "tint": [
                    1.0,
                    1.0,
                    1.0,
                    1.0
                  ],
                  "zoom": 1.0,
                  "round": 0.0,
                  "border_size": 0.0,
                  "border_color": [
                    0.0,
                    0.0,
                    0.0,
                    1.0
                  ],
                  "conditions": [],
                  "duration_bar": false,
                  "duration_text": false,
                  "stacks_text": false,
                  "size": [
                    38.4,
                    38.4
                  ]
                },
                {
                  "enabled": true,
                  "name": "Note 2",
                  "anchor": "Parent",
                  "pos": [
                    37.0,
                    -5.0
                  ],
                  "opacity": 1.0,
                  "trigger": {
                    "source": {
                      "type": "PrimaryResource"
                    },
                    "threshold": {
                      "threshold_type": {
                        "Above": 2.0
                      },
                      "amount_type": "Intensity"
                    }
                  },
                  "filter": {
                    "player": {
                      "combat": null,
                      "specs": [],
                      "weapons": [],
                      "traits": [],
                      "mounts": []
                    },
                    "map": {
                      "category": [],
                      "whitelist": true,
                      "ids": []
                    }
                  },
                  "animation": null,
                  "type": "Icon",
                  "icon": {
                    "File": "Troubadour\\Note2.png"
                  },
                  "tint": [
                    1.0,
                    1.0,
                    1.0,
                    1.0
                  ],
                  "zoom": 1.0,
                  "round": 0.0,
                  "border_size": 0.0,
                  "border_color": [
                    0.0,
                    0.0,
                    0.0,
                    1.0
                  ],
                  "conditions": [],
                  "duration_bar": false,
                  "duration_text": false,
                  "stacks_text": false,
                  "size": [
                    38.4,
                    38.4
                  ]
                },
                {
                  "enabled": true,
                  "name": "Note 3",
                  "anchor": "Parent",
                  "pos": [
                    78.0,
                    -5.0
                  ],
                  "opacity": 1.0,
                  "trigger": {
                    "source": {
                      "type": "PrimaryResource"
                    },
                    "threshold": {
                      "threshold_type": {
                        "Above": 3.0
                      },
                      "amount_type": "Intensity"
                    }
                  },
                  "filter": {
                    "player": {
                      "combat": null,
                      "specs": [],
                      "weapons": [],
                      "traits": [],
                      "mounts": []
                    },
                    "map": {
                      "category": [],
                      "whitelist": true,
                      "ids": []
                    }
                  },
                  "animation": null,
                  "type": "Icon",
                  "icon": {
                    "File": "Troubadour\\Note3.png"
                  },
                  "tint": [
                    1.0,
                    1.0,
                    1.0,
                    1.0
                  ],
                  "zoom": 1.0,
                  "round": 0.0,
                  "border_size": 0.0,
                  "border_color": [
                    0.0,
                    0.0,
                    0.0,
                    1.0
                  ],
                  "conditions": [],
                  "duration_bar": false,
                  "duration_text": false,
                  "stacks_text": false,
                  "size": [
                    24.0,
                    50.4
                  ]
                }
              ]
            }
          ]
        }
      ]
    },
    {
      "enabled": false,
      "name": "Interface Large",
      "anchor": "Parent",
      "pos": [
        0.0,
        -3.0
      ],
      "opacity": 1.0,
      "trigger": {
        "source": {
          "type": "Inherit"
        },
        "threshold": {
          "threshold_type": "Always",
          "amount_type": "Intensity"
        }
      },
      "filter": {
        "player": {
          "combat": null,
          "specs": [],
          "weapons": [],
          "traits": [],
          "mounts": []
        },
        "map": {
          "category": [],
          "whitelist": true,
          "ids": []
        }
      },
      "animation": null,
      "type": "Group",
      "members": [
        {
          "enabled": true,
          "name": "Staff",
          "anchor": "Parent",
          "pos": [
            -206.0,
            -185.0
          ],
          "opacity": 1.0,
          "trigger": {
            "source": {
              "type": "Always"
            },
            "threshold": {
              "threshold_type": "Always",
              "amount_type": "Intensity"
            }
          },
          "filter": {
            "player": {
              "combat": null,
              "specs": [],
              "weapons": [],
              "traits": [],
              "mounts": []
            },
            "map": {
              "category": [],
              "whitelist": true,
              "ids": []
            }
          },
          "animation": null,
          "type": "Group",
          "members": [
            {
              "enabled": true,
              "name": "Staff BG",
              "anchor": "Parent",
              "pos": [
                0.0,
                0.0
              ],
              "opacity": 1.0,
              "trigger": {
                "source": {
                  "type": "Inherit"
                },
                "threshold": {
                  "threshold_type": "Always",
                  "amount_type": "Intensity"
                }
              },
              "filter": {
                "player": {
                  "combat": null,
                  "specs": [],
                  "weapons": [],
                  "traits": [],
                  "mounts": []
                },
                "map": {
                  "category": [],
                  "whitelist": true,
                  "ids": []
                }
              },
              "animation": null,
              "type": "Icon",
              "icon": {
                "File": "Troubadour\\StaffBG.png"
              },
              "tint": [
                0.3623188,
                0.26079956,
                0.34040007,
                0.5217391
              ],
              "zoom": 1.0,
              "round": 0.0,
              "border_size": 0.0,
              "border_color": [
                0.0,
                0.0,
                0.0,
                1.0
              ],
              "conditions": [],
              "duration_bar": false,
              "duration_text": false,
              "stacks_text": false,
              "size": [
                141.0,
                53.0
              ]
            },
            {
              "enabled": true,
              "name": "Staff Lines",
              "anchor": "Parent",
              "pos": [
                0.0,
                0.0
              ],
              "opacity": 1.0,
              "trigger": {
                "source": {
                  "type": "Inherit"
                },
                "threshold": {
                  "threshold_type": "Always",
                  "amount_type": "Intensity"
                }
              },
              "filter": {
                "player": {
                  "combat": null,
                  "specs": [],
                  "weapons": [],
                  "traits": [],
                  "mounts": []
                },
                "map": {
                  "category": [],
                  "whitelist": true,
                  "ids": []
                }
              },
              "animation": null,
              "type": "Icon",
              "icon": {
                "File": "Troubadour\\StaffLines.png"
              },
              "tint": [
                0.9178744,
                0.69173145,
                0.8626854,
                1.0
              ],
              "zoom": 1.0,
              "round": 0.0,
              "border_size": 0.0,
              "border_color": [
                0.0,
                0.0,
                0.0,
                1.0
              ],
              "conditions": [],
              "duration_bar": false,
              "duration_text": false,
              "stacks_text": false,
              "size": [
                141.0,
                53.0
              ]
            },
            {
              "enabled": true,
              "name": "Empty Notes",
              "anchor": "Parent",
              "pos": [
                0.0,
                0.0
              ],
              "opacity": 1.0,
              "trigger": {
                "source": {
                  "type": "Inherit"
                },
                "threshold": {
                  "threshold_type": "Always",
                  "amount_type": "Intensity"
                }
              },
              "filter": {
                "player": {
                  "combat": null,
                  "specs": [],
                  "weapons": [],
                  "traits": [],
                  "mounts": []
                },
                "map": {
                  "category": [],
                  "whitelist": true,
                  "ids": []
                }
              },
              "animation": null,
              "type": "Icon",
              "icon": {
                "File": "Troubadour\\Empty.png"
              },
              "tint": [
                1.0,
                1.0,
                1.0,
                1.0
              ],
              "zoom": 1.0,
              "round": 0.0,
              "border_size": 0.0,
              "border_color": [
                0.0,
                0.0,
                0.0,
                1.0
              ],
              "conditions": [],
              "duration_bar": false,
              "duration_text": false,
              "stacks_text": false,
              "size": [
                141.0,
                53.0
              ]
            }
          ]
        },
        {
          "enabled": true,
          "name": "Notes",
          "anchor": "Parent",
          "pos": [
            -244.0,
            -185.0
          ],
          "opacity": 1.0,
          "trigger": {
            "source": {
              "type": "Inherit"
            },
            "threshold": {
              "threshold_type": "Always",
              "amount_type": "Intensity"
            }
          },
          "filter": {
            "player": {
              "combat": null,
              "specs": [],
              "weapons": [],
              "traits": [],
              "mounts": []
            },
            "map": {
              "category": [],
              "whitelist": true,
              "ids": []
            }
          },
          "animation": null,
          "type": "Group",
          "members": [
            {
              "enabled": true,
              "name": "Filled",
              "anchor": "Parent",
              "pos": [
                0.0,
                0.0
              ],
              "opacity": 1.0,
              "trigger": {
                "source": {
                  "type": "Inherit"
                },
                "threshold": {
                  "threshold_type": "Always",
                  "amount_type": "Intensity"
                }
              },
              "filter": {
                "player": {
                  "combat": null,
                  "specs": [],
                  "weapons": [],
                  "traits": [],
                  "mounts": []
                },
                "map": {
                  "category": [],
                  "whitelist": true,
                  "ids": []
                }
              },
              "animation": null,
              "type": "Group",
              "members": [
                {
                  "enabled": true,
                  "name": "Note 1",
                  "anchor": "Parent",
                  "pos": [
                    0.0,
                    0.0
                  ],
                  "opacity": 1.0,
                  "trigger": {
                    "source": {
                      "type": "PrimaryResource"
                    },
                    "threshold": {
                      "threshold_type": {
                        "Above": 1.0
                      },
                      "amount_type": "Intensity"
                    }
                  },
                  "filter": {
                    "player": {
                      "combat": null,
                      "specs": [],
                      "weapons": [],
                      "traits": [],
                      "mounts": []
                    },
                    "map": {
                      "category": [],
                      "whitelist": true,
                      "ids": []
                    }
                  },
                  "animation": null,
                  "type": "Icon",
                  "icon": {
                    "File": "Troubadour\\Note1.png"
                  },
                  "tint": [
                    1.0,
                    1.0,
                    1.0,
                    1.0
                  ],
                  "zoom": 1.0,
                  "round": 0.0,
                  "border_size": 0.0,
                  "border_color": [
                    0.0,
                    0.0,
                    0.0,
                    1.0
                  ],
                  "conditions": [],
                  "duration_bar": false,
                  "duration_text": false,
                  "stacks_text": false,
                  "size": [
                    35.199997,
                    35.199997
                  ]
                },
                {
                  "enabled": true,
                  "name": "Note 2",
                  "anchor": "Parent",
                  "pos": [
                    34.0,
                    -4.0
                  ],
                  "opacity": 1.0,
                  "trigger": {
                    "source": {
                      "type": "PrimaryResource"
                    },
                    "threshold": {
                      "threshold_type": {
                        "Above": 2.0
                      },
                      "amount_type": "Intensity"
                    }
                  },
                  "filter": {
                    "player": {
                      "combat": null,
                      "specs": [],
                      "weapons": [],
                      "traits": [],
                      "mounts": []
                    },
                    "map": {
                      "category": [],
                      "whitelist": true,
                      "ids": []
                    }
                  },
                  "animation": null,
                  "type": "Icon",
                  "icon": {
                    "File": "Troubadour\\Note2.png"
                  },
                  "tint": [
                    1.0,
                    1.0,
                    1.0,
                    1.0
                  ],
                  "zoom": 1.0,
                  "round": 0.0,
                  "border_size": 0.0,
                  "border_color": [
                    0.0,
                    0.0,
                    0.0,
                    1.0
                  ],
                  "conditions": [],
                  "duration_bar": false,
                  "duration_text": false,
                  "stacks_text": false,
                  "size": [
                    35.199997,
                    35.199997
                  ]
                },
                {
                  "enabled": true,
                  "name": "Note 3",
                  "anchor": "Parent",
                  "pos": [
                    71.0,
                    -4.0
                  ],
                  "opacity": 1.0,
                  "trigger": {
                    "source": {
                      "type": "PrimaryResource"
                    },
                    "threshold": {
                      "threshold_type": {
                        "Above": 3.0
                      },
                      "amount_type": "Intensity"
                    }
                  },
                  "filter": {
                    "player": {
                      "combat": null,
                      "specs": [],
                      "weapons": [],
                      "traits": [],
                      "mounts": []
                    },
                    "map": {
                      "category": [],
                      "whitelist": true,
                      "ids": []
                    }
                  },
                  "animation": null,
                  "type": "Icon",
                  "icon": {
                    "File": "Troubadour\\Note3.png"
                  },
                  "tint": [
                    1.0,
                    1.0,
                    1.0,
                    1.0
                  ],
                  "zoom": 1.0,
                  "round": 0.0,
                  "border_size": 0.0,
                  "border_color": [
                    0.0,
                    0.0,
                    0.0,
                    1.0
                  ],
                  "conditions": [],
                  "duration_bar": false,
                  "duration_text": false,
                  "stacks_text": false,
                  "size": [
                    21.999998,
                    46.199997
                  ]
                }
              ]
            }
          ]
        }
      ]
    },
    {
      "enabled": true,
      "name": "Interface Normal",
      "anchor": "Parent",
      "pos": [
        0.0,
        0.0
      ],
      "opacity": 1.0,
      "trigger": {
        "source": {
          "type": "Inherit"
        },
        "threshold": {
          "threshold_type": "Always",
          "amount_type": "Intensity"
        }
      },
      "filter": {
        "player": {
          "combat": null,
          "specs": [],
          "weapons": [],
          "traits": [],
          "mounts": []
        },
        "map": {
          "category": [],
          "whitelist": true,
          "ids": []
        }
      },
      "animation": null,
      "type": "Group",
      "members": [
        {
          "enabled": true,
          "name": "Staff",
          "anchor": "Parent",
          "pos": [
            -188.0,
            -169.0
          ],
          "opacity": 1.0,
          "trigger": {
            "source": {
              "type": "Always"
            },
            "threshold": {
              "threshold_type": "Always",
              "amount_type": "Intensity"
            }
          },
          "filter": {
            "player": {
              "combat": null,
              "specs": [],
              "weapons": [],
              "traits": [],
              "mounts": []
            },
            "map": {
              "category": [],
              "whitelist": true,
              "ids": []
            }
          },
          "animation": null,
          "type": "Group",
          "members": [
            {
              "enabled": true,
              "name": "Staff BG",
              "anchor": "Parent",
              "pos": [
                0.0,
                0.0
              ],
              "opacity": 1.0,
              "trigger": {
                "source": {
                  "type": "Inherit"
                },
                "threshold": {
                  "threshold_type": "Always",
                  "amount_type": "Intensity"
                }
              },
              "filter": {
                "player": {
                  "combat": null,
                  "specs": [],
                  "weapons": [],
                  "traits": [],
                  "mounts": []
                },
                "map": {
                  "category": [],
                  "whitelist": true,
                  "ids": []
                }
              },
              "animation": null,
              "type": "Icon",
              "icon": {
                "File": "Troubadour\\StaffBG.png"
              },
              "tint": [
                0.3623188,
                0.26079956,
                0.34040007,
                0.5217391
              ],
              "zoom": 1.0,
              "round": 0.0,
              "border_size": 0.0,
              "border_color": [
                0.0,
                0.0,
                0.0,
                1.0
              ],
              "conditions": [],
              "duration_bar": false,
              "duration_text": false,
              "stacks_text": false,
              "size": [
                128.0,
                48.0
              ]
            },
            {
              "enabled": true,
              "name": "Staff Lines",
              "anchor": "Parent",
              "pos": [
                0.0,
                0.0
              ],
              "opacity": 1.0,
              "trigger": {
                "source": {
                  "type": "Inherit"
                },
                "threshold": {
                  "threshold_type": "Always",
                  "amount_type": "Intensity"
                }
              },
              "filter": {
                "player": {
                  "combat": null,
                  "specs": [],
                  "weapons": [],
                  "traits": [],
                  "mounts": []
                },
                "map": {
                  "category": [],
                  "whitelist": true,
                  "ids": []
                }
              },
              "animation": null,
              "type": "Icon",
              "icon": {
                "File": "Troubadour\\StaffLines.png"
              },
              "tint": [
                0.9178744,
                0.69173145,
                0.8626854,
                1.0
              ],
              "zoom": 1.0,
              "round": 0.0,
              "border_size": 0.0,
              "border_color": [
                0.0,
                0.0,
                0.0,
                1.0
              ],
              "conditions": [],
              "duration_bar": false,
              "duration_text": false,
              "stacks_text": false,
              "size": [
                128.0,
                48.0
              ]
            },
            {
              "enabled": true,
              "name": "Empty Notes",
              "anchor": "Parent",
              "pos": [
                0.0,
                0.0
              ],
              "opacity": 1.0,
              "trigger": {
                "source": {
                  "type": "Inherit"
                },
                "threshold": {
                  "threshold_type": "Always",
                  "amount_type": "Intensity"
                }
              },
              "filter": {
                "player": {
                  "combat": null,
                  "specs": [],
                  "weapons": [],
                  "traits": [],
                  "mounts": []
                },
                "map": {
                  "category": [],
                  "whitelist": true,
                  "ids": []
                }
              },
              "animation": null,
              "type": "Icon",
              "icon": {
                "File": "Troubadour\\Empty.png"
              },
              "tint": [
                1.0,
                1.0,
                1.0,
                1.0
              ],
              "zoom": 1.0,
              "round": 0.0,
              "border_size": 0.0,
              "border_color": [
                0.0,
                0.0,
                0.0,
                1.0
              ],
              "conditions": [],
              "duration_bar": false,
              "duration_text": false,
              "stacks_text": false,
              "size": [
                128.0,
                48.0
              ]
            }
          ]
        },
        {
          "enabled": true,
          "name": "Notes",
          "anchor": "Parent",
          "pos": [
            -222.0,
            -168.0
          ],
          "opacity": 1.0,
          "trigger": {
            "source": {
              "type": "Inherit"
            },
            "threshold": {
              "threshold_type": "Always",
              "amount_type": "Intensity"
            }
          },
          "filter": {
            "player": {
              "combat": null,
              "specs": [],
              "weapons": [],
              "traits": [],
              "mounts": []
            },
            "map": {
              "category": [],
              "whitelist": true,
              "ids": []
            }
          },
          "animation": null,
          "type": "Group",
          "members": [
            {
              "enabled": true,
              "name": "Filled",
              "anchor": "Parent",
              "pos": [
                0.0,
                0.0
              ],
              "opacity": 1.0,
              "trigger": {
                "source": {
                  "type": "Inherit"
                },
                "threshold": {
                  "threshold_type": "Always",
                  "amount_type": "Intensity"
                }
              },
              "filter": {
                "player": {
                  "combat": null,
                  "specs": [],
                  "weapons": [],
                  "traits": [],
                  "mounts": []
                },
                "map": {
                  "category": [],
                  "whitelist": true,
                  "ids": []
                }
              },
              "animation": null,
              "type": "Group",
              "members": [
                {
                  "enabled": true,
                  "name": "Note 1",
                  "anchor": "Parent",
                  "pos": [
                    0.0,
                    0.0
                  ],
                  "opacity": 1.0,
                  "trigger": {
                    "source": {
                      "type": "PrimaryResource"
                    },
                    "threshold": {
                      "threshold_type": {
                        "Above": 1.0
                      },
                      "amount_type": "Intensity"
                    }
                  },
                  "filter": {
                    "player": {
                      "combat": null,
                      "specs": [],
                      "weapons": [],
                      "traits": [],
                      "mounts": []
                    },
                    "map": {
                      "category": [],
                      "whitelist": true,
                      "ids": []
                    }
                  },
                  "animation": null,
                  "type": "Icon",
                  "icon": {
                    "File": "Troubadour\\Note1.png"
                  },
                  "tint": [
                    1.0,
                    1.0,
                    1.0,
                    1.0
                  ],
                  "zoom": 1.0,
                  "round": 0.0,
                  "border_size": 0.0,
                  "border_color": [
                    0.0,
                    0.0,
                    0.0,
                    1.0
                  ],
                  "conditions": [],
                  "duration_bar": false,
                  "duration_text": false,
                  "stacks_text": false,
                  "size": [
                    32.0,
                    32.0
                  ]
                },
                {
                  "enabled": true,
                  "name": "Note 2",
                  "anchor": "Parent",
                  "pos": [
                    31.0,
                    -4.0
                  ],
                  "opacity": 1.0,
                  "trigger": {
                    "source": {
                      "type": "PrimaryResource"
                    },
                    "threshold": {
                      "threshold_type": {
                        "Above": 2.0
                      },
                      "amount_type": "Intensity"
                    }
                  },
                  "filter": {
                    "player": {
                      "combat": null,
                      "specs": [],
                      "weapons": [],
                      "traits": [],
                      "mounts": []
                    },
                    "map": {
                      "category": [],
                      "whitelist": true,
                      "ids": []
                    }
                  },
                  "animation": null,
                  "type": "Icon",
                  "icon": {
                    "File": "Troubadour\\Note2.png"
                  },
                  "tint": [
                    1.0,
                    1.0,
                    1.0,
                    1.0
                  ],
                  "zoom": 1.0,
                  "round": 0.0,
                  "border_size": 0.0,
                  "border_color": [
                    0.0,
                    0.0,
                    0.0,
                    1.0
                  ],
                  "conditions": [],
                  "duration_bar": false,
                  "duration_text": false,
                  "stacks_text": false,
                  "size": [
                    32.0,
                    32.0
                  ]
                },
                {
                  "enabled": true,
                  "name": "Note 3",
                  "anchor": "Parent",
                  "pos": [
                    65.0,
                    -4.0
                  ],
                  "opacity": 1.0,
                  "trigger": {
                    "source": {
                      "type": "PrimaryResource"
                    },
                    "threshold": {
                      "threshold_type": {
                        "Above": 3.0
                      },
                      "amount_type": "Intensity"
                    }
                  },
                  "filter": {
                    "player": {
                      "combat": null,
                      "specs": [],
                      "weapons": [],
                      "traits": [],
                      "mounts": []
                    },
                    "map": {
                      "category": [],
                      "whitelist": true,
                      "ids": []
                    }
                  },
                  "animation": null,
                  "type": "Icon",
                  "icon": {
                    "File": "Troubadour\\Note3.png"
                  },
                  "tint": [
                    1.0,
                    1.0,
                    1.0,
                    1.0
                  ],
                  "zoom": 1.0,
                  "round": 0.0,
                  "border_size": 0.0,
                  "border_color": [
                    0.0,
                    0.0,
                    0.0,
                    1.0
                  ],
                  "conditions": [],
                  "duration_bar": false,
                  "duration_text": false,
                  "stacks_text": false,
                  "size": [
                    20.0,
                    42.0
                  ]
                }
              ]
            }
          ]
        }
      ]
    },
    {
      "enabled": false,
      "name": "Interface Small",
      "anchor": "Parent",
      "pos": [
        0.0,
        0.0
      ],
      "opacity": 1.0,
      "trigger": {
        "source": {
          "type": "Inherit"
        },
        "threshold": {
          "threshold_type": "Always",
          "amount_type": "Intensity"
        }
      },
      "filter": {
        "player": {
          "combat": null,
          "specs": [],
          "weapons": [],
          "traits": [],
          "mounts": []
        },
        "map": {
          "category": [],
          "whitelist": true,
          "ids": []
        }
      },
      "animation": null,
      "type": "Group",
      "members": [
        {
          "enabled": true,
          "name": "Staff",
          "anchor": "Parent",
          "pos": [
            -169.2,
            -152.09999
          ],
          "opacity": 1.0,
          "trigger": {
            "source": {
              "type": "Always"
            },
            "threshold": {
              "threshold_type": "Always",
              "amount_type": "Intensity"
            }
          },
          "filter": {
            "player": {
              "combat": null,
              "specs": [],
              "weapons": [],
              "traits": [],
              "mounts": []
            },
            "map": {
              "category": [],
              "whitelist": true,
              "ids": []
            }
          },
          "animation": null,
          "type": "Group",
          "members": [
            {
              "enabled": true,
              "name": "Staff BG",
              "anchor": "Parent",
              "pos": [
                0.0,
                0.0
              ],
              "opacity": 1.0,
              "trigger": {
                "source": {
                  "type": "Inherit"
                },
                "threshold": {
                  "threshold_type": "Always",
                  "amount_type": "Intensity"
                }
              },
              "filter": {
                "player": {
                  "combat": null,
                  "specs": [],
                  "weapons": [],
                  "traits": [],
                  "mounts": []
                },
                "map": {
                  "category": [],
                  "whitelist": true,
                  "ids": []
                }
              },
              "animation": null,
              "type": "Icon",
              "icon": {
                "File": "Troubadour\\StaffBG.png"
              },
              "tint": [
                0.3623188,
                0.26079956,
                0.34040007,
                0.5217391
              ],
              "zoom": 1.0,
              "round": 0.0,
              "border_size": 0.0,
              "border_color": [
                0.0,
                0.0,
                0.0,
                1.0
              ],
              "conditions": [],
              "duration_bar": false,
              "duration_text": false,
              "stacks_text": false,
              "size": [
                115.2,
                43.199997
              ]
            },
            {
              "enabled": true,
              "name": "Staff Lines",
              "anchor": "Parent",
              "pos": [
                0.0,
                0.0
              ],
              "opacity": 1.0,
              "trigger": {
                "source": {
                  "type": "Inherit"
                },
                "threshold": {
                  "threshold_type": "Always",
                  "amount_type": "Intensity"
                }
              },
              "filter": {
                "player": {
                  "combat": null,
                  "specs": [],
                  "weapons": [],
                  "traits": [],
                  "mounts": []
                },
                "map": {
                  "category": [],
                  "whitelist": true,
                  "ids": []
                }
              },
              "animation": null,
              "type": "Icon",
              "icon": {
                "File": "Troubadour\\StaffLines.png"
              },
              "tint": [
                0.9178744,
                0.69173145,
                0.8626854,
                1.0
              ],
              "zoom": 1.0,
              "round": 0.0,
              "border_size": 0.0,
              "border_color": [
                0.0,
                0.0,
                0.0,
                1.0
              ],
              "conditions": [],
              "duration_bar": false,
              "duration_text": false,
              "stacks_text": false,
              "size": [
                115.2,
                43.199997
              ]
            },
            {
              "enabled": true,
              "name": "Empty Notes",
              "anchor": "Parent",
              "pos": [
                0.0,
                0.0
              ],
              "opacity": 1.0,
              "trigger": {
                "source": {
                  "type": "Inherit"
                },
                "threshold": {
                  "threshold_type": "Always",
                  "amount_type": "Intensity"
                }
              },
              "filter": {
                "player": {
                  "combat": null,
                  "specs": [],
                  "weapons": [],
                  "traits": [],
                  "mounts": []
                },
                "map": {
                  "category": [],
                  "whitelist": true,
                  "ids": []
                }
              },
              "animation": null,
              "type": "Icon",
              "icon": {
                "File": "Troubadour\\Empty.png"
              },
              "tint": [
                1.0,
                1.0,
                1.0,
                1.0
              ],
              "zoom": 1.0,
              "round": 0.0,
              "border_size": 0.0,
              "border_color": [
                0.0,
                0.0,
                0.0,
                1.0
              ],
              "conditions": [],
              "duration_bar": false,
              "duration_text": false,
              "stacks_text": false,
              "size": [
                115.2,
                43.199997
              ]
            }
          ]
        },
        {
          "enabled": true,
          "name": "Notes",
          "anchor": "Parent",
          "pos": [
            -199.79999,
            -151.2
          ],
          "opacity": 1.0,
          "trigger": {
            "source": {
              "type": "Inherit"
            },
            "threshold": {
              "threshold_type": "Always",
              "amount_type": "Intensity"
            }
          },
          "filter": {
            "player": {
              "combat": null,
              "specs": [],
              "weapons": [],
              "traits": [],
              "mounts": []
            },
            "map": {
              "category": [],
              "whitelist": true,
              "ids": []
            }
          },
          "animation": null,
          "type": "Group",
          "members": [
            {
              "enabled": true,
              "name": "Filled",
              "anchor": "Parent",
              "pos": [
                0.0,
                0.0
              ],
              "opacity": 1.0,
              "trigger": {
                "source": {
                  "type": "Inherit"
                },
                "threshold": {
                  "threshold_type": "Always",
                  "amount_type": "Intensity"
                }
              },
              "filter": {
                "player": {
                  "combat": null,
                  "specs": [],
                  "weapons": [],
                  "traits": [],
                  "mounts": []
                },
                "map": {
                  "category": [],
                  "whitelist": true,
                  "ids": []
                }
              },
              "animation": null,
              "type": "Group",
              "members": [
                {
                  "enabled": true,
                  "name": "Note 1",
                  "anchor": "Parent",
                  "pos": [
                    0.0,
                    0.0
                  ],
                  "opacity": 1.0,
                  "trigger": {
                    "source": {
                      "type": "PrimaryResource"
                    },
                    "threshold": {
                      "threshold_type": {
                        "Above": 1.0
                      },
                      "amount_type": "Intensity"
                    }
                  },
                  "filter": {
                    "player": {
                      "combat": null,
                      "specs": [],
                      "weapons": [],
                      "traits": [],
                      "mounts": []
                    },
                    "map": {
                      "category": [],
                      "whitelist": true,
                      "ids": []
                    }
                  },
                  "animation": null,
                  "type": "Icon",
                  "icon": {
                    "File": "Troubadour\\Note1.png"
                  },
                  "tint": [
                    1.0,
                    1.0,
                    1.0,
                    1.0
                  ],
                  "zoom": 1.0,
                  "round": 0.0,
                  "border_size": 0.0,
                  "border_color": [
                    0.0,
                    0.0,
                    0.0,
                    1.0
                  ],
                  "conditions": [],
                  "duration_bar": false,
                  "duration_text": false,
                  "stacks_text": false,
                  "size": [
                    28.8,
                    28.8
                  ]
                },
                {
                  "enabled": true,
                  "name": "Note 2",
                  "anchor": "Parent",
                  "pos": [
                    27.9,
                    -3.6
                  ],
                  "opacity": 1.0,
                  "trigger": {
                    "source": {
                      "type": "PrimaryResource"
                    },
                    "threshold": {
                      "threshold_type": {
                        "Above": 2.0
                      },
                      "amount_type": "Intensity"
                    }
                  },
                  "filter": {
                    "player": {
                      "combat": null,
                      "specs": [],
                      "weapons": [],
                      "traits": [],
                      "mounts": []
                    },
                    "map": {
                      "category": [],
                      "whitelist": true,
                      "ids": []
                    }
                  },
                  "animation": null,
                  "type": "Icon",
                  "icon": {
                    "File": "Troubadour\\Note2.png"
                  },
                  "tint": [
                    1.0,
                    1.0,
                    1.0,
                    1.0
                  ],
                  "zoom": 1.0,
                  "round": 0.0,
                  "border_size": 0.0,
                  "border_color": [
                    0.0,
                    0.0,
                    0.0,
                    1.0
                  ],
                  "conditions": [],
                  "duration_bar": false,
                  "duration_text": false,
                  "stacks_text": false,
                  "size": [
                    28.8,
                    28.8
                  ]
                },
                {
                  "enabled": true,
                  "name": "Note 3",
                  "anchor": "Parent",
                  "pos": [
                    58.5,
                    -3.6
                  ],
                  "opacity": 1.0,
                  "trigger": {
                    "source": {
                      "type": "PrimaryResource"
                    },
                    "threshold": {
                      "threshold_type": {
                        "Above": 3.0
                      },
                      "amount_type": "Intensity"
                    }
                  },
                  "filter": {
                    "player": {
                      "combat": null,
                      "specs": [],
                      "weapons": [],
                      "traits": [],
                      "mounts": []
                    },
                    "map": {
                      "category": [],
                      "whitelist": true,
                      "ids": []
                    }
                  },
                  "animation": null,
                  "type": "Icon",
                  "icon": {
                    "File": "Troubadour\\Note3.png"
                  },
                  "tint": [
                    1.0,
                    1.0,
                    1.0,
                    1.0
                  ],
                  "zoom": 1.0,
                  "round": 0.0,
                  "border_size": 0.0,
                  "border_color": [
                    0.0,
                    0.0,
                    0.0,
                    1.0
                  ],
                  "conditions": [],
                  "duration_bar": false,
                  "duration_text": false,
                  "stacks_text": false,
                  "size": [
                    18.0,
                    37.8
                  ]
                }
              ]
            }
          ]
        }
      ]
    }
  ]
}